[{"name": "Michal \u0160ebor", "birth_day": "", "birth_month": null, "birth_year": "", "birth_time": null, "mercury_sign": "Sagittarius", "mercury_pos_degrees": "29", "mercury_pos_minutes": "06", "mercury_house": "", "venus_sign": "Sagittarius", "venus_pos_degrees": "16", "venus_pos_minutes": "45", "venus_house": "", "mars_sign": "Capricorn", "mars_pos_degrees": "21", "mars_pos_minutes": "30", "mars_house": "", "sun_sign": "Sagittarius", "sun_pos_degrees": "11", "sun_pos_minutes": "43", "sun_house": "", "moon_sign": "Libra", "moon_pos_degrees": "3", "moon_pos_minutes": "43", "moon_house": null, "jupiter_sign": "Pisces", "jupiter_pos_degrees": "0", "jupiter_pos_minutes": "19", "jupiter_house": "", "saturn_sign": "Libra", "saturn_pos_degrees": "1", "saturn_pos_minutes": "02", "saturn_house": "", "uranus_sign": "Cancer", "uranus_pos_degrees": "8", "uranus_pos_minutes": "29", "uranus_house": "", "uranus_retrograde": true, "neptune_sign": "Libra", "neptune_pos_degrees": "18", "neptune_pos_minutes": "54", "neptune_house": "", "pluto_sign": "Leo", "pluto_pos_degrees": "19", "pluto_pos_minutes": "49", "pluto_house": "", "pluto_retrograde": true, "house_AC_sign": null, "house_AC_pos_degrees": null, "house_AC_pos_minutes": null, "house_2_sign": null, "house_2_pos_degrees": null, "house_2_pos_minutes": null, "house_3_sign": null, "house_3_pos_degrees": null, "house_3_pos_minutes": null, "house_IC_sign": null, "house_IC_pos_degrees": null, "house_IC_pos_minutes": null, "house_5_sign": null, "house_5_pos_degrees": null, "house_5_pos_minutes": null, "house_6_sign": null, "house_6_pos_degrees": null, "house_6_pos_minutes": null, "house_DC_sign": null, "house_DC_pos_degrees": null, "house_DC_pos_minutes": null, "house_8_sign": null, "house_8_pos_degrees": null, "house_8_pos_minutes": null, "house_9_sign": null, "house_9_pos_degrees": null, "house_9_pos_minutes": null, "house_MC_sign": null, "house_MC_pos_degrees": null, "house_MC_pos_minutes": null, "house_11_sign": null, "house_11_pos_degrees": null, "house_11_pos_minutes": null, "house_12_sign": null, "house_12_pos_degrees": null, "house_12_pos_minutes": null, "death_cause": null, "death_day": null, "death_month": null, "death_year": null, "occupation": "actor", "gender": "Male"}]