[{"name": "Daniel Carpentier", "birth_day": "19", "birth_month": 2, "birth_year": "1927", "birth_time": " 00:25", "mercury_sign": "Pisces", "mercury_pos_degrees": "15", "mercury_pos_minutes": "20", "mercury_house": "4", "venus_sign": "Pisces", "venus_pos_degrees": "20", "venus_pos_minutes": "39", "venus_house": "4", "mars_sign": "Taurus", "mars_pos_degrees": "28", "mars_pos_minutes": "27", "mars_house": "7", "sun_sign": "Aquarius", "sun_pos_degrees": "29", "sun_pos_minutes": "21", "sun_house": "3", "moon_sign": "Virgo", "moon_pos_degrees": "25", "moon_pos_minutes": "00", "moon_house": "10", "jupiter_sign": "Pisces", "jupiter_pos_degrees": "7", "jupiter_pos_minutes": "20", "jupiter_house": "4", "saturn_sign": "Sagittarius", "saturn_pos_degrees": "7", "saturn_pos_minutes": "03", "saturn_house": "1", "uranus_sign": "Pisces", "uranus_pos_degrees": "27", "uranus_pos_minutes": "43", "uranus_house": "4", "neptune_sign": "Leo", "neptune_pos_degrees": "25", "neptune_pos_minutes": "30", "neptune_house": "9", "neptune_retrograde": true, "pluto_sign": "Cancer", "pluto_pos_degrees": "14", "pluto_pos_minutes": "02", "pluto_house": "8", "pluto_retrograde": true, "house_AC_sign": "Scorpio", "house_AC_pos_degrees": "18", "house_AC_pos_minutes": "50", "house_2_sign": "Sagittarius", "house_2_pos_degrees": "19", "house_2_pos_minutes": "03", "house_3_sign": "Capricorn", "house_3_pos_degrees": "27", "house_3_pos_minutes": "20", "house_IC_sign": "Pisces", "house_IC_pos_degrees": "6", "house_IC_pos_minutes": "32", "house_5_sign": "Aries", "house_5_pos_degrees": "7", "house_5_pos_minutes": "42", "house_6_sign": "Taurus", "house_6_pos_degrees": "0", "house_6_pos_minutes": "51", "house_DC_sign": "Taurus", "house_DC_pos_degrees": "18", "house_DC_pos_minutes": "50", "house_8_sign": "Gemini", "house_8_pos_degrees": "19", "house_8_pos_minutes": "03", "house_9_sign": "Cancer", "house_9_pos_degrees": "27", "house_9_pos_minutes": "20", "house_MC_sign": "Virgo", "house_MC_pos_degrees": "6", "house_MC_pos_minutes": "32", "house_11_sign": "Libra", "house_11_pos_degrees": "7", "house_11_pos_minutes": "42", "house_12_sign": "Scorpio", "house_12_pos_degrees": "0", "house_12_pos_minutes": "51", "death_cause": null, "death_day": null, "death_month": null, "death_year": null, "occupation": "soccer player", "gender": "Male"}]