[{"name": "Daniel D'Alimonte", "birth_day": "6", "birth_month": 1, "birth_year": "1985", "birth_time": null, "mercury_sign": "Sagittarius", "mercury_pos_degrees": "23", "mercury_pos_minutes": "45", "mercury_house": "", "venus_sign": "Pisces", "venus_pos_degrees": "2", "venus_pos_minutes": "41", "venus_house": "", "mars_sign": "Pisces", "mars_pos_degrees": "9", "mars_pos_minutes": "29", "mars_house": "", "sun_sign": "Capricorn", "sun_pos_degrees": "16", "sun_pos_minutes": "20", "sun_house": "", "moon_sign": "Cancer", "moon_pos_degrees": "11", "moon_pos_minutes": "30", "moon_house": null, "jupiter_sign": "Capricorn", "jupiter_pos_degrees": "22", "jupiter_pos_minutes": "47", "jupiter_house": "", "saturn_sign": "Scorpio", "saturn_pos_degrees": "25", "saturn_pos_minutes": "15", "saturn_house": "", "uranus_sign": "Sagittarius", "uranus_pos_degrees": "15", "uranus_pos_minutes": "41", "uranus_house": "", "neptune_sign": "Capricorn", "neptune_pos_degrees": "1", "neptune_pos_minutes": "41", "neptune_house": "", "pluto_sign": "Scorpio", "pluto_pos_degrees": "4", "pluto_pos_minutes": "28", "pluto_house": "", "house_AC_sign": null, "house_AC_pos_degrees": null, "house_AC_pos_minutes": null, "house_2_sign": null, "house_2_pos_degrees": null, "house_2_pos_minutes": null, "house_3_sign": null, "house_3_pos_degrees": null, "house_3_pos_minutes": null, "house_IC_sign": null, "house_IC_pos_degrees": null, "house_IC_pos_minutes": null, "house_5_sign": null, "house_5_pos_degrees": null, "house_5_pos_minutes": null, "house_6_sign": null, "house_6_pos_degrees": null, "house_6_pos_minutes": null, "house_DC_sign": null, "house_DC_pos_degrees": null, "house_DC_pos_minutes": null, "house_8_sign": null, "house_8_pos_degrees": null, "house_8_pos_minutes": null, "house_9_sign": null, "house_9_pos_degrees": null, "house_9_pos_minutes": null, "house_MC_sign": null, "house_MC_pos_degrees": null, "house_MC_pos_minutes": null, "house_11_sign": null, "house_11_pos_degrees": null, "house_11_pos_minutes": null, "house_12_sign": null, "house_12_pos_degrees": null, "house_12_pos_minutes": null, "death_cause": null, "death_day": null, "death_month": null, "death_year": null, "occupation": "director, scriptwriter", "gender": "Male"}]