[{"name": "Bhoomika Chawla", "birth_day": "21", "birth_month": 8, "birth_year": "1978", "birth_time": null, "mercury_sign": "Leo", "mercury_pos_degrees": "23", "mercury_pos_minutes": "31", "mercury_house": "", "mercury_retrograde": true, "venus_sign": "Libra", "venus_pos_degrees": "13", "venus_pos_minutes": "43", "venus_house": "", "mars_sign": "Libra", "mars_pos_degrees": "10", "mars_pos_minutes": "36", "mars_house": "", "sun_sign": "Leo", "sun_pos_degrees": "27", "sun_pos_minutes": "51", "sun_house": "", "moon_sign": "Aries", "moon_pos_degrees": "6", "moon_pos_minutes": "27", "moon_house": null, "jupiter_sign": "Cancer", "jupiter_pos_degrees": "26", "jupiter_pos_minutes": "59", "jupiter_house": "", "saturn_sign": "Virgo", "saturn_pos_degrees": "3", "saturn_pos_minutes": "10", "saturn_house": "", "uranus_sign": "Scorpio", "uranus_pos_degrees": "12", "uranus_pos_minutes": "43", "uranus_house": "", "neptune_sign": "Sagittarius", "neptune_pos_degrees": "15", "neptune_pos_minutes": "33", "neptune_house": "", "neptune_retrograde": true, "pluto_sign": "Libra", "pluto_pos_degrees": "14", "pluto_pos_minutes": "47", "pluto_house": "", "house_AC_sign": null, "house_AC_pos_degrees": null, "house_AC_pos_minutes": null, "house_2_sign": null, "house_2_pos_degrees": null, "house_2_pos_minutes": null, "house_3_sign": null, "house_3_pos_degrees": null, "house_3_pos_minutes": null, "house_IC_sign": null, "house_IC_pos_degrees": null, "house_IC_pos_minutes": null, "house_5_sign": null, "house_5_pos_degrees": null, "house_5_pos_minutes": null, "house_6_sign": null, "house_6_pos_degrees": null, "house_6_pos_minutes": null, "house_DC_sign": null, "house_DC_pos_degrees": null, "house_DC_pos_minutes": null, "house_8_sign": null, "house_8_pos_degrees": null, "house_8_pos_minutes": null, "house_9_sign": null, "house_9_pos_degrees": null, "house_9_pos_minutes": null, "house_MC_sign": null, "house_MC_pos_degrees": null, "house_MC_pos_minutes": null, "house_11_sign": null, "house_11_pos_degrees": null, "house_11_pos_minutes": null, "house_12_sign": null, "house_12_pos_degrees": null, "house_12_pos_minutes": null, "death_cause": null, "death_day": null, "death_month": null, "death_year": null, "occupation": "actress", "gender": "Female"}]